{
    "XGBoost": {
        "0": {
            "precision": 0.8078760216537523,
            "recall": 0.7544672487953729,
            "f1-score": 0.7802587446094873,
            "support": 232022.0
        },
        "1": {
            "precision": 0.7324105083678962,
            "recall": 0.789277073062088,
            "f1-score": 0.7597812184039663,
            "support": 197558.0
        },
        "accuracy": 0.7704758135853624,
        "macro avg": {
            "precision": 0.7701432650108242,
            "recall": 0.7718721609287305,
            "f1-score": 0.7700199815067268,
            "support": 429580.0
        },
        "weighted avg": {
            "precision": 0.773170458373974,
            "recall": 0.7704758135853624,
            "f1-score": 0.770841408788196,
            "support": 429580.0
        }
    },
    "Random Forest": {
        "0": {
            "precision": 0.7554364054162827,
            "recall": 0.752372619837774,
            "f1-score": 0.7539013999045568,
            "support": 232022.0
        },
        "1": {
            "precision": 0.7105526979984785,
            "recall": 0.7139371728808754,
            "f1-score": 0.7122409148178166,
            "support": 197558.0
        },
        "accuracy": 0.734696680478607,
        "macro avg": {
            "precision": 0.7329945517073806,
            "recall": 0.7331548963593247,
            "f1-score": 0.7330711573611868,
            "support": 429580.0
        },
        "weighted avg": {
            "precision": 0.7347949987631643,
            "recall": 0.734696680478607,
            "f1-score": 0.7347423093678321,
            "support": 429580.0
        }
    },
    "Neural Network": {
        "0": {
            "precision": 0.7868063851081788,
            "recall": 0.735244933670083,
            "f1-score": 0.7601523040555745,
            "support": 232022.0
        },
        "1": {
            "precision": 0.7112796867876463,
            "recall": 0.7660231425707893,
            "f1-score": 0.7376371182561945,
            "support": 197558.0
        },
        "accuracy": 0.7493994133805112,
        "macro avg": {
            "precision": 0.7490430359479125,
            "recall": 0.7506340381204362,
            "f1-score": 0.7488947111558846,
            "support": 429580.0
        },
        "weighted avg": {
            "precision": 0.7520726836630283,
            "recall": 0.7493994133805112,
            "f1-score": 0.7497978762978718,
            "support": 429580.0
        }
    }
}