{
    "XGBoost": {
        "0": {
            "precision": 0.8081765937623954,
            "recall": 0.7552042478730465,
            "f1-score": 0.7807929845199583,
            "support": 232022.0
        },
        "1": {
            "precision": 0.7330494533901093,
            "recall": 0.7894795452474717,
            "f1-score": 0.760218753960285,
            "support": 197558.0
        },
        "accuracy": 0.7709669910144793,
        "macro avg": {
            "precision": 0.7706130235762523,
            "recall": 0.7723418965602591,
            "f1-score": 0.7705058692401217,
            "support": 429580.0
        },
        "weighted avg": {
            "precision": 0.7736266435839232,
            "recall": 0.7709669910144793,
            "f1-score": 0.7713311756813066,
            "support": 429580.0
        }
    },
    "Random Forest": {
        "0": {
            "precision": 0.7379590405558024,
            "recall": 0.7800855091327547,
            "f1-score": 0.7584377599316138,
            "support": 232022.0
        },
        "1": {
            "precision": 0.7231611443576959,
            "recall": 0.6746778161350084,
            "f1-score": 0.6980786705458126,
            "support": 197558.0
        },
        "accuracy": 0.7316099445970483,
        "macro avg": {
            "precision": 0.7305600924567491,
            "recall": 0.7273816626338816,
            "f1-score": 0.7282582152387131,
            "support": 429580.0
        },
        "weighted avg": {
            "precision": 0.7311536893357607,
            "recall": 0.7316099445970483,
            "f1-score": 0.7306794355662334,
            "support": 429580.0
        }
    },
    "Neural Network": {
        "0": {
            "precision": 0.8050089608595129,
            "recall": 0.7608244045823241,
            "f1-score": 0.7822932846453317,
            "support": 232022.0
        },
        "1": {
            "precision": 0.736111045065694,
            "recall": 0.7835622956296379,
            "f1-score": 0.7590958462771944,
            "support": 197558.0
        },
        "accuracy": 0.7712812514549094,
        "macro avg": {
            "precision": 0.7705600029626034,
            "recall": 0.772193350105981,
            "f1-score": 0.770694565461263,
            "support": 429580.0
        },
        "weighted avg": {
            "precision": 0.7733237463513997,
            "recall": 0.7712812514549094,
            "f1-score": 0.771625098209435,
            "support": 429580.0
        }
    }
}